Etc/UTC,Open,High,Low,Close,Volume
2025-01-01T23:00:00+00:00,21070.242,21114.409,21038.365,21060.72,526800
2025-01-02T00:00:00+00:00,21060.82,21061.599,20915.776,21025.198,885000
2025-01-02T01:00:00+00:00,21025.298,21107.153,21025.298,21088.921,904000
2025-01-02T02:00:00+00:00,21088.11,21126.498,21081.92,21116.232,639200
2025-01-02T03:00:00+00:00,21115.675,21133.231,21088.999,21100.664,568500
2025-01-02T04:00:00+00:00,21102.319,21129.165,21081.653,21118.389,515600
2025-01-02T05:00:00+00:00,21118.81,21170.165,21115.286,21164.487,556900
2025-01-02T06:00:00+00:00,21164.675,21189.999,21150.409,21183.189,482700
2025-01-02T07:00:00+00:00,21183.253,21191.487,21139.965,21151.442,615600
2025-01-02T08:00:00+00:00,21151.697,21217.943,21112.41,21169.399,1302800
2025-01-02T09:00:00+00:00,21169.151,21199.276,21144.309,21196.232,1078900
2025-01-02T10:00:00+00:00,21196.009,21204.731,21153.753,21191.508,855100
2025-01-02T11:00:00+00:00,21191.843,21263.509,21164.698,21261.008,861300
2025-01-02T12:00:00+00:00,21261.198,21283.943,21207.786,21237.62,944000
2025-01-02T13:00:00+00:00,21237.431,21260.309,21200,21211.22,1170963
2025-01-02T14:00:00+00:00,21211.399,21213.906,20962.264,21188.442,2404560
2025-01-02T15:00:00+00:00,21190.276,21242.175,21008.965,21074.765,3014347
2025-01-02T16:00:00+00:00,21075.189,21156.365,20987.376,21116.742,2527080
2025-01-02T17:00:00+00:00,21116.843,21142.143,20783.787,20875.019,2612400
2025-01-02T18:00:00+00:00,20875.997,20894.498,20793.376,20853.899,2518080
2025-01-02T19:00:00+00:00,20853.451,20949.72,20834.421,20868.843,2307840
2025-01-02T20:00:00+00:00,20868.732,20998.154,20867.809,20972.842,2378760
2025-01-02T21:00:00+00:00,20972.698,21002.832,20972.698,20992.519,352320
2025-01-02T23:00:00+00:00,20992.01,20994.609,20952.031,20971.154,420700
2025-01-03T00:00:00+00:00,20971.054,21047.019,20962.086,21046.843,598900
2025-01-03T01:00:00+00:00,21046.686,21055.789,21013.532,21032.397,631400
2025-01-03T02:00:00+00:00,21032.498,21057.189,21029.065,21050.409,558300
2025-01-03T03:00:00+00:00,21050.789,21067.398,21050.043,21056.189,427400
2025-01-03T04:00:00+00:00,21056.187,21062.51,21031.01,21032.119,305700
2025-01-03T05:00:00+00:00,21032.187,21039.465,21015.009,21033.676,433700
2025-01-03T06:00:00+00:00,21032.921,21064.398,21026.42,21045.197,403200
2025-01-03T07:00:00+00:00,21044.642,21060.142,21018.708,21052.954,578900
2025-01-03T08:00:00+00:00,21055.31,21082.675,21021.186,21044.497,1048100
2025-01-03T09:00:00+00:00,21042.199,21095.153,21036.165,21078.943,747200
2025-01-03T10:00:00+00:00,21079.021,21079.519,21034.953,21045.875,618800
2025-01-03T11:00:00+00:00,21045.998,21059.789,21026.92,21054.875,538000
2025-01-03T12:00:00+00:00,21054.586,21054.586,21016.676,21049.987,658100
2025-01-03T13:00:00+00:00,21049.664,21080.92,21034.865,21035.62,813500
2025-01-03T14:00:00+00:00,21035.142,21242.708,21035.142,21188.197,1859460
2025-01-03T15:00:00+00:00,21188.498,21241.109,21063.62,21178.108,2653212
2025-01-03T16:00:00+00:00,21178.164,21293.108,21139.586,21265.876,2169240
2025-01-03T17:00:00+00:00,21265.931,21287.375,21243.789,21272.131,1904880
2025-01-03T18:00:00+00:00,21271.975,21332.799,21251.498,21310.119,1539120
2025-01-03T19:00:00+00:00,21307.653,21360.597,21298.542,21335.909,1445280
2025-01-03T20:00:00+00:00,21335.965,21335.965,21277.109,21310.375,1694640
2025-01-03T21:00:00+00:00,21309.175,21315.197,21288.908,21291.365,296280
2025-01-05T23:00:00+00:00,21339.209,21345.543,21304.81,21327.765,447700
2025-01-06T00:00:00+00:00,21330.219,21338.031,21282.332,21299.321,625300
2025-01-06T01:00:00+00:00,21299.242,21309.342,21285.331,21303.208,690200
2025-01-06T02:00:00+00:00,21302.686,21321.075,21286.287,21312.854,610500
2025-01-06T03:00:00+00:00,21312.632,21319.909,21304.21,21311.419,392400
2025-01-06T04:00:00+00:00,21311.598,21326.399,21307.154,21325.564,304800
2025-01-06T05:00:00+00:00,21325.675,21353.899,21323.789,21341.886,401100
2025-01-06T06:00:00+00:00,21341.776,21358.299,21333.364,21352.299,361200
2025-01-06T07:00:00+00:00,21352.117,21379.287,21343.253,21367.81,472700
2025-01-06T08:00:00+00:00,21367.653,21427.589,21367.52,21421.065,797300
2025-01-06T09:00:00+00:00,21420.842,21473.398,21419.365,21472.11,795300
2025-01-06T10:00:00+00:00,21472.097,21495.176,21457.708,21473.853,738900
2025-01-06T11:00:00+00:00,21473.999,21547.399,21445.309,21533.564,1162800
2025-01-06T12:00:00+00:00,21533.231,21563.132,21514.397,21538.164,952400
2025-01-06T13:00:00+00:00,21538.298,21553.887,21510.176,21552.153,1003600
2025-01-06T14:00:00+00:00,21553.753,21651.709,21446.765,21625.553,2149080
2025-01-06T15:00:00+00:00,21626.676,21699.299,21588.632,21675.119,2439120
2025-01-06T16:00:00+00:00,21675.842,21702.499,21650.409,21663.243,1949400
2025-01-06T17:00:00+00:00,21663.397,21674.742,21575.587,21599.608,1995480
2025-01-06T18:00:00+00:00,21600.01,21600.799,21508.554,21511.709,2124120
2025-01-06T19:00:00+00:00,21513.51,21530.089,21464.786,21467.186,2081760
2025-01-06T20:00:00+00:00,21467.064,21564.654,21455.564,21560.389,2003400
2025-01-06T21:00:00+00:00,21561.289,21593.499,21560.897,21592.275,402480
2025-01-06T23:00:00+00:00,21594.565,21607.808,21580.676,21583.02,376000
2025-01-07T00:00:00+00:00,21582.886,21593.789,21564.097,21573.386,550100
2025-01-07T01:00:00+00:00,21573.406,21584.021,21559.086,21580.31,620400
2025-01-07T02:00:00+00:00,21580.389,21597.221,21546.132,21549.889,536500
2025-01-07T03:00:00+00:00,21550.242,21563.721,21528.276,21559.399,535500
2025-01-07T04:00:00+00:00,21558.654,21559.399,21531.108,21532.386,406200
2025-01-07T05:00:00+00:00,21532.708,21538.797,21472.408,21517.264,653000
2025-01-07T06:00:00+00:00,21517.62,21528.089,21496.02,21501.52,531200
2025-01-07T07:00:00+00:00,21501.606,21544.299,21500.31,21540.732,697300
2025-01-07T08:00:00+00:00,21540.489,21577.365,21517.342,21569.331,993700
2025-01-07T09:00:00+00:00,21569.373,21586.376,21536.342,21539.598,862800
2025-01-07T10:00:00+00:00,21539.731,21582.408,21528.753,21579.621,669700
2025-01-07T11:00:00+00:00,21579.765,21583.176,21532.343,21547.819,816900
2025-01-07T12:00:00+00:00,21550.399,21575.387,21531.132,21556.886,850400
2025-01-07T13:00:00+00:00,21556.131,21590.331,21544.797,21590.11,875800
2025-01-07T14:00:00+00:00,21590.276,21617.853,21508.143,21528.154,1899880
2025-01-07T15:00:00+00:00,21528.589,21528.589,21216.075,21364.075,2882400
2025-01-07T16:00:00+00:00,21364.876,21388.821,21241.875,21251.164,2537760
2025-01-07T17:00:00+00:00,21252.097,21291.576,21203.743,21261.619,2236440
2025-01-07T18:00:00+00:00,21261.053,21332.797,21245.132,21255.919,2074560
2025-01-07T19:00:00+00:00,21255.02,21290.664,21219.332,21233.587,1904640
2025-01-07T20:00:00+00:00,21234.698,21238.597,21096.11,21175.697,2229360
2025-01-07T21:00:00+00:00,21174.786,21207.076,21174.786,21206.087,342120
2025-01-07T23:00:00+00:00,21192.119,21211.543,21161.01,21209.289,433200
2025-01-08T00:00:00+00:00,21209.443,21230.509,21204.909,21222.898,519300
2025-01-08T01:00:00+00:00,21223.109,21251.265,21211.253,21246.289,551000
2025-01-08T02:00:00+00:00,21245.875,21253.353,21218.842,21235.119,520900
2025-01-08T03:00:00+00:00,21235.619,21240.887,21207.443,21222.365,542000
2025-01-08T04:00:00+00:00,21222.508,21235.732,21203.232,21209.864,386800
2025-01-08T05:00:00+00:00,21209.987,21248.542,21209.897,21246.265,433000
2025-01-08T06:00:00+00:00,21246.52,21251.299,21213.465,21216.289,422400
2025-01-08T07:00:00+00:00,21216.287,21217.999,21177.021,21206.842,625200
2025-01-08T08:00:00+00:00,21206.587,21236.354,21196.109,21228.508,922600
2025-01-08T09:00:00+00:00,21228.342,21249.864,21222.286,21246.465,759200
2025-01-08T10:00:00+00:00,21246.485,21264.41,21240.486,21260.376,581200
2025-01-08T11:00:00+00:00,21260.054,21264.109,21101.287,21180.808,1192100
2025-01-08T12:00:00+00:00,21179.775,21182.498,21037.953,21074.008,1541500
2025-01-08T13:00:00+00:00,21073.764,21209.599,21071.91,21193.609,1492000
2025-01-08T14:00:00+00:00,21191.921,21203.854,21101.443,21158.91,2320660
2025-01-08T15:00:00+00:00,21158.375,21219.286,21045.376,21172.409,2804880
2025-01-08T16:00:00+00:00,21171.365,21232.599,21099.986,21199.054,2302320
2025-01-08T17:00:00+00:00,21199.743,21201.276,20980.71,21084.409,2361480
2025-01-08T18:00:00+00:00,21084.575,21221.064,21081.81,21141.354,2219130
2025-01-08T19:00:00+00:00,21142.643,21246.642,21103.631,21153.61,2334720
2025-01-08T20:00:00+00:00,21153.743,21193.198,21118.176,21174.898,2136000
2025-01-08T21:00:00+00:00,21177.242,21205.676,21160.542,21168.01,353880
2025-01-08T23:00:00+00:00,21146.854,21164.399,21130.721,21133.599,362900
2025-01-09T00:00:00+00:00,21132.686,21141.499,21089.208,21124.865,681700
2025-01-09T01:00:00+00:00,21124.808,21145.886,21118.597,21132.089,624700
2025-01-09T02:00:00+00:00,21131.999,21164.989,21131.321,21162.175,504500
2025-01-09T03:00:00+00:00,21162.098,21162.409,21128.076,21128.409,421100
2025-01-09T04:00:00+00:00,21128.232,21134.889,21111.676,21128.642,435200
2025-01-09T05:00:00+00:00,21128.554,21146.708,21120.565,21141.532,402000
2025-01-09T06:00:00+00:00,21141.289,21145.876,21125.176,21132.676,409000
2025-01-09T07:00:00+00:00,21133.489,21133.81,21059.032,21067.242,688500
2025-01-09T08:00:00+00:00,21067.208,21123.821,21035.353,21111.909,1059700
2025-01-09T09:00:00+00:00,21111.675,21131.999,21096.62,21128.321,786700
2025-01-09T10:00:00+00:00,21128.532,21152.543,21128.01,21145.187,598800
2025-01-09T11:00:00+00:00,21145.119,21146.232,21094.608,21118.221,852600
2025-01-09T12:00:00+00:00,21119.243,21135.219,21104.109,21129.419,778100
2025-01-09T13:00:00+00:00,21128.854,21151.731,21111.087,21122.298,855500
2025-01-09T14:00:00+00:00,21122.142,21127.876,21082.72,21119.653,557200
2025-01-09T23:00:00+00:00,21121.142,21133.253,21037.42,21062.675,672600
2025-01-10T00:00:00+00:00,21062.731,21069.698,21004.732,21020.465,733300
2025-01-10T01:00:00+00:00,21020.753,21082.432,21019.489,21071.887,725300
2025-01-10T02:00:00+00:00,21072.22,21103.665,21063.386,21098.599,561600
2025-01-10T03:00:00+00:00,21098.443,21138.899,21096.508,21126.009,476800
2025-01-10T04:00:00+00:00,21126.132,21133.089,21107.286,21127.154,414500
2025-01-10T05:00:00+00:00,21127.499,21152.942,21119.886,21125.987,478800
2025-01-10T06:00:00+00:00,21126.132,21126.132,21065.998,21070.131,504100
2025-01-10T07:00:00+00:00,21070.118,21116.889,21058.875,21095.121,645100
2025-01-10T08:00:00+00:00,21094.175,21123.908,21083.398,21107.986,795300
2025-01-10T09:00:00+00:00,21108.697,21119.499,21073.432,21102.343,689500
2025-01-10T10:00:00+00:00,21103.242,21146.143,21095.686,21141.186,586000
2025-01-10T11:00:00+00:00,21141.386,21196.853,21137.332,21140.921,731200
2025-01-10T12:00:00+00:00,21140.81,21148.509,21081.397,21145.932,886300
2025-01-10T13:00:00+00:00,21146.309,21148.089,20870.919,20941.797,1436800
2025-01-10T14:00:00+00:00,20941.773,21021.454,20836.22,20880.254,2380020
2025-01-10T15:00:00+00:00,20878.864,20949.464,20701.909,20819.92,2807640
2025-01-10T16:00:00+00:00,20818.942,20830.932,20719.442,20737.675,2459280
2025-01-10T17:00:00+00:00,20738.586,20876.72,20724.665,20871.764,2244360
2025-01-10T18:00:00+00:00,20871.587,21010.353,20843.686,21002.62,2176320
2025-01-10T19:00:00+00:00,21003.153,21005.852,20877.387,20920.798,2200080
2025-01-10T20:00:00+00:00,20920.708,20933.554,20816.153,20848.799,2282640
2025-01-10T21:00:00+00:00,20847.687,20867.286,20831.364,20850.765,432600
2025-01-12T23:00:00+00:00,20835.142,20860.889,20776.21,20832.799,578600
2025-01-13T00:00:00+00:00,20832.595,20869.609,20814.842,20831.775,553300
2025-01-13T01:00:00+00:00,20832.043,20835.399,20722.353,20759.108,850800
2025-01-13T02:00:00+00:00,20759.073,20781.289,20745.11,20758.789,576200
2025-01-13T03:00:00+00:00,20758.697,20769.919,20692.853,20714.175,616100
2025-01-13T04:00:00+00:00,20714.054,20734.398,20710.375,20731.264,405000
2025-01-13T05:00:00+00:00,20731.121,20732.819,20699.353,20720.565,446400
2025-01-13T06:00:00+00:00,20719.908,20762.331,20719.12,20739.419,543800
2025-01-13T07:00:00+00:00,20739.086,20749.589,20700.71,20715.353,661600
2025-01-13T08:00:00+00:00,20715.119,20744.743,20629.909,20636.521,1025000
2025-01-13T09:00:00+00:00,20641.864,20644.799,20528.108,20554.631,1017500
2025-01-13T10:00:00+00:00,20554.12,20608.676,20542.387,20584.109,995600
2025-01-13T11:00:00+00:00,20584.342,20609.654,20567.142,20598.642,928600
2025-01-13T12:00:00+00:00,20601.097,20678.609,20559.332,20650.898,1117000
2025-01-13T13:00:00+00:00,20651.198,20674.708,20613.643,20643.12,1288600
2025-01-13T14:00:00+00:00,20643.14,20675.586,20536.686,20636.089,2334160
2025-01-13T15:00:00+00:00,20632.642,20714.219,20549.165,20633.053,2915460
2025-01-13T16:00:00+00:00,20632.331,20660.553,20561.342,20571.853,2378640
2025-01-13T17:00:00+00:00,20571.731,20729.021,20552.598,20724.499,2289120
2025-01-13T18:00:00+00:00,20723.21,20747.619,20690.632,20726.599,2127120
2025-01-13T19:00:00+00:00,20726.143,20760.387,20670.043,20740.186,2121600
2025-01-13T20:00:00+00:00,20740.054,20798.799,20708.376,20782.075,2139600
2025-01-13T21:00:00+00:00,20781.632,20811.808,20772.265,20805.01,369600
2025-01-13T23:00:00+00:00,20857.543,20924.099,20848.531,20881.832,662800
2025-01-14T00:00:00+00:00,20881.653,20891.121,20863.398,20888.797,686100
2025-01-14T01:00:00+00:00,20888.898,20888.898,20857.419,20862.276,759900
2025-01-14T02:00:00+00:00,20862.076,20879.909,20833.075,20878.62,670500
2025-01-14T03:00:00+00:00,20878.054,20883.499,20853.389,20853.887,527400
2025-01-14T04:00:00+00:00,20854.054,20882.353,20849.154,20878.765,425200
2025-01-14T05:00:00+00:00,20878.875,20895.089,20862.621,20893.697,486200
2025-01-14T06:00:00+00:00,20894.754,20903.299,20876.364,20882.153,540100
2025-01-14T07:00:00+00:00,20882.184,20901.765,20857.376,20894.831,669400
2025-01-14T08:00:00+00:00,20895.108,20979.289,20887.719,20959.064,1058100
2025-01-14T09:00:00+00:00,20959.264,20965.275,20920.409,20936.632,971500
2025-01-14T10:00:00+00:00,20936.409,20943.599,20909.064,20931.01,707100
2025-01-14T11:00:00+00:00,20931.409,20931.409,20870.732,20878.165,807900
2025-01-14T12:00:00+00:00,20878.308,20893.821,20808.608,20840.598,1149800
2025-01-14T13:00:00+00:00,20840.854,20973.698,20780.02,20892.597,1407873
2025-01-14T14:00:00+00:00,20894.243,20965.899,20803.075,20817.82,2256800
2025-01-14T15:00:00+00:00,20819.419,20946.575,20772.353,20772.919,2565004
2025-01-14T16:00:00+00:00,20775.807,20796.297,20660.197,20663.499,2436720
2025-01-14T17:00:00+00:00,20661.22,20724.289,20632.989,20703.52,2171520
2025-01-14T18:00:00+00:00,20702.565,20849.808,20695.798,20835.031,1909680
2025-01-14T19:00:00+00:00,20835.04,20849.353,20693.609,20697.887,1912800
2025-01-14T20:00:00+00:00,20698.719,20766.076,20614.808,20761.665,2459640
2025-01-14T21:00:00+00:00,20763.709,20825.721,20760.621,20815.598,401760
2025-01-14T23:00:00+00:00,20811.753,20815.01,20779.889,20789.319,384300
2025-01-15T00:00:00+00:00,20789.609,20799.399,20779.153,20796.198,372500
2025-01-15T01:00:00+00:00,20796.242,20804.208,20782.854,20794.598,428000
2025-01-15T02:00:00+00:00,20794.889,20797.787,20773.342,20778.698,384200
2025-01-15T03:00:00+00:00,20778.754,20785.206,20773.075,20776.765,265900
2025-01-15T04:00:00+00:00,20776.789,20787.764,20768.197,20786.043,263800
2025-01-15T05:00:00+00:00,20786.008,20791.898,20775.264,20783.919,326300
2025-01-15T06:00:00+00:00,20783.819,20797.899,20781.175,20789.397,233400
2025-01-15T07:00:00+00:00,20789.231,20800.489,20771.843,20775.875,351100
2025-01-15T08:00:00+00:00,20776.187,20792.789,20750.31,20773.265,736400
2025-01-15T09:00:00+00:00,20773.398,20812.753,20767.331,20801.01,620400
2025-01-15T10:00:00+00:00,20802.21,20811.999,20773.653,20806.12,562200
2025-01-15T11:00:00+00:00,20807.219,20855.609,20804.776,20838.409,577200
2025-01-15T12:00:00+00:00,20838.231,20856.653,20819.842,20838.664,832700
2025-01-15T13:00:00+00:00,20838.629,21169.909,20821.753,21122.253,1379900
2025-01-15T14:00:00+00:00,21120.364,21187.299,21029.81,21161.332,2159700
2025-01-15T15:00:00+00:00,21161.82,21238.543,21151.331,21151.331,2394240
2025-01-15T16:00:00+00:00,21152.142,21203.119,21078.775,21105.265,2300400
2025-01-15T17:00:00+00:00,21104.864,21199.043,21094.61,21156.542,1933020
2025-01-15T18:00:00+00:00,21156.595,21229.721,21155.919,21213.697,1584960
2025-01-15T19:00:00+00:00,21213.209,21266.853,21210.786,21251.031,1403520
2025-01-15T20:00:00+00:00,21251.143,21283.797,21225.297,21226.32,1576680
2025-01-15T21:00:00+00:00,21227.364,21237.275,21202.031,21205.675,338880
2025-01-15T23:00:00+00:00,21223.397,21253.065,21211.387,21248.064,351600
2025-01-16T00:00:00+00:00,21247.697,21278.386,21241.21,21258.889,492800
2025-01-16T01:00:00+00:00,21258.542,21261.299,21230.719,21233.743,684200
2025-01-16T02:00:00+00:00,21233.919,21238.621,21218.286,21230.897,549700
2025-01-16T03:00:00+00:00,21230.72,21245.054,21218.132,21225.643,437500
2025-01-16T04:00:00+00:00,21225.799,21231.889,21215.087,21222.398,306900
2025-01-16T05:00:00+00:00,21222.308,21223.899,21188.365,21199.365,562500
2025-01-16T06:00:00+00:00,21199.265,21288.121,21186.209,21274.097,728100
2025-01-16T07:00:00+00:00,21273.81,21391.899,21265.386,21388.253,917500
2025-01-16T08:00:00+00:00,21388.532,21398.309,21338.11,21372.308,1207600
2025-01-16T09:00:00+00:00,21369.876,21380.062,21287.621,21307.576,1106700
2025-01-16T10:00:00+00:00,21306.621,21345.419,21278.243,21329.72,758100
2025-01-16T11:00:00+00:00,21330.299,21350.898,21316.81,21339.365,850500
2025-01-16T12:00:00+00:00,21339.565,21339.576,21264.319,21272.899,1053900
2025-01-16T13:00:00+00:00,21272.897,21316.298,21253.132,21307.364,1209500
2025-01-16T14:00:00+00:00,21307.34,21331.999,21203.819,21215.687,2414820
2025-01-16T15:00:00+00:00,21215.264,21263.098,21173.898,21261.786,3485640
2025-01-16T16:00:00+00:00,21261.773,21311.785,21158.254,21240.775,3223320
2025-01-16T17:00:00+00:00,21240.751,21266.098,21210.01,21225.71,2690040
2025-01-16T18:00:00+00:00,21226.489,21253.298,21103.264,21130.753,2650920
2025-01-16T19:00:00+00:00,21129.554,21220.999,21117.831,21214.598,2339400
2025-01-16T20:00:00+00:00,21214.541,21235.999,21086.419,21087.72,2551440
2025-01-16T21:00:00+00:00,21088.01,21089.865,21028.086,21029.231,560520
2025-01-16T23:00:00+00:00,21062.589,21086.389,21055.898,21081.697,652400
2025-01-17T00:00:00+00:00,21081.618,21088.799,21073.81,21086.897,679900
2025-01-17T01:00:00+00:00,21087.075,21120.899,21084.821,21112.276,758400
2025-01-17T02:00:00+00:00,21112.719,21130.097,21096.809,21104.709,707900
2025-01-17T03:00:00+00:00,21104.743,21129.619,21093.02,21127.587,622900
2025-01-17T04:00:00+00:00,21127.621,21154.209,21125.554,21135.609,606800
2025-01-17T05:00:00+00:00,21135.764,21155.889,21134.908,21145.11,659800
2025-01-17T06:00:00+00:00,21144.754,21151.574,21124.142,21135.075,616200
2025-01-17T07:00:00+00:00,21137.31,21139.108,21099.709,21122.843,904600
2025-01-17T08:00:00+00:00,21122.885,21167.654,21118.743,21161.62,1225900
2025-01-17T09:00:00+00:00,21161.629,21203.289,21155.343,21189.765,1128300
2025-01-17T10:00:00+00:00,21189.741,21199.896,21171.531,21180.899,1004800
2025-01-17T11:00:00+00:00,21181.065,21209.109,21167.075,21175.32,913800
2025-01-17T12:00:00+00:00,21175.754,21200.099,21153.864,21192.208,1161700
2025-01-17T13:00:00+00:00,21191.719,21392.176,21191.053,21387.675,1677700
2025-01-17T14:00:00+00:00,21388.298,21524.131,21335.775,21355.117,3054880
2025-01-17T15:00:00+00:00,21354.409,21443.753,21329.589,21441.586,3272880
2025-01-17T16:00:00+00:00,21441.575,21483.82,21418.499,21430.543,2519760
2025-01-17T17:00:00+00:00,21430.541,21476.587,21406.676,21472.875,2042640
2025-01-17T18:00:00+00:00,21472.608,21518.689,21458.81,21478.219,2055240
2025-01-17T19:00:00+00:00,21478.376,21491.399,21456.043,21468.81,2014800
2025-01-17T20:00:00+00:00,21468.83,21484.889,21426.565,21447.921,2386200
2025-01-17T21:00:00+00:00,21447.908,21447.908,21418.61,21430.831,514920
2025-01-19T23:00:00+00:00,21442.697,21465.587,21375.686,21393.065,881100
2025-01-20T00:00:00+00:00,21393.321,21407.709,21383.953,21404.899,877400
2025-01-20T01:00:00+00:00,21403.665,21424.498,21388.576,21412.389,1057300
2025-01-20T02:00:00+00:00,21411.321,21418.889,21398.586,21408.976,775000
2025-01-20T03:00:00+00:00,21409.032,21422.453,21394.187,21409.699,691400
2025-01-20T04:00:00+00:00,21409.52,21415.199,21402.31,21413.642,411200
2025-01-20T05:00:00+00:00,21413.897,21418.699,21410.398,21416.176,382100
2025-01-20T06:00:00+00:00,21416.453,21452.899,21412.82,21443.089,513300
2025-01-20T07:00:00+00:00,21442.964,21479.208,21434.62,21469.632,707300
2025-01-20T08:00:00+00:00,21466.453,21485.675,21438.051,21465.899,1188500
2025-01-20T09:00:00+00:00,21465.831,21480.799,21457.898,21470.475,896600
2025-01-20T10:00:00+00:00,21470.942,21484.408,21456.708,21473.364,788500
2025-01-20T11:00:00+00:00,21473.121,21478.789,21457.986,21471.953,734700
2025-01-20T12:00:00+00:00,21472.142,21474.889,21433.687,21442.652,409500
2025-01-20T13:00:00+00:00,21465.197,21538.655,21455.763,21533.85,502490
2025-01-20T14:00:00+00:00,21533.611,21627.035,21504.947,21592.043,1956210
2025-01-20T15:00:00+00:00,21591.643,21591.643,21490.84,21531.631,2504280
2025-01-20T16:00:00+00:00,21531.51,21579.699,21531.51,21545.875,1859640
2025-01-20T17:00:00+00:00,21545.942,21565.596,21473.986,21535.998,1663560
2025-01-20T23:00:00+00:00,21550.51,21589.609,21524.576,21582.431,743300
2025-01-21T00:00:00+00:00,21582.632,21596.289,21304.51,21320.675,1359500
2025-01-21T01:00:00+00:00,21320.076,21475.687,21229.61,21437.076,1636300
2025-01-21T02:00:00+00:00,21435.697,21461.107,21413.165,21438.654,890000
2025-01-21T03:00:00+00:00,21438.598,21497.41,21436.498,21474.954,714900
2025-01-21T04:00:00+00:00,21475.31,21480.919,21451.019,21456.008,498800
2025-01-21T05:00:00+00:00,21455.94,21464.997,21429.01,21441.02,565800
2025-01-21T06:00:00+00:00,21441.121,21476.689,21438.31,21451.597,585800
2025-01-21T07:00:00+00:00,21451.708,21494.408,21433.564,21486.653,741700
2025-01-21T08:00:00+00:00,21486.342,21522.699,21458.132,21501.198,983900
2025-01-21T09:00:00+00:00,21501.419,21558.599,21495.42,21558.409,902700
2025-01-21T10:00:00+00:00,21558.432,21581.017,21534.353,21538.92,1107200
2025-01-21T11:00:00+00:00,21536.599,21561.019,21514.943,21525.543,1148900
2025-01-21T12:00:00+00:00,21524.02,21557.389,21494.431,21545.676,1341100
2025-01-21T13:00:00+00:00,21545.608,21579.719,21532.82,21575.931,1358230
2025-01-21T14:00:00+00:00,21578.32,21586.654,21424.408,21482.197,2709760
2025-01-21T15:00:00+00:00,21483.042,21500.917,21377.587,21485.419,3523440
2025-01-21T16:00:00+00:00,21485.421,21532.908,21445.397,21526.562,2796840
2025-01-21T17:00:00+00:00,21526.343,21594.407,21501.81,21592.476,2200440
2025-01-21T18:00:00+00:00,21591.531,21621.397,21572.02,21602.586,2056080
2025-01-21T19:00:00+00:00,21602.54,21613.042,21547.132,21574.407,2039280
2025-01-21T20:00:00+00:00,21574.02,21605.089,21547.498,21564.975,2121240
2025-01-21T21:00:00+00:00,21565.886,21633.197,21562.331,21607.954,506760
2025-01-21T23:00:00+00:00,21658.987,21672.353,21622.399,21661.389,944100
2025-01-22T00:00:00+00:00,21662.399,21694.908,21656.61,21688.61,846600
2025-01-22T01:00:00+00:00,21688.887,21693.353,21663.821,21686.443,836200
2025-01-22T02:00:00+00:00,21685.843,21700.887,21682.164,21686.653,641100
2025-01-22T03:00:00+00:00,21686.82,21710.299,21685.61,21709.119,472700
2025-01-22T04:00:00+00:00,21709.331,21728.687,21704.498,21721.519,421500
2025-01-22T05:00:00+00:00,21721.409,21721.409,21707.119,21710.187,474500
2025-01-22T06:00:00+00:00,21711.198,21717.897,21692.11,21693.987,539300
2025-01-22T07:00:00+00:00,21694.197,21718.299,21691.886,21706.643,674700
2025-01-22T08:00:00+00:00,21704.332,21747.854,21701.997,21744.197,1137200
2025-01-22T09:00:00+00:00,21744.184,21759.11,21728.62,21735.131,999700
2025-01-22T10:00:00+00:00,21735.01,21747.898,21721.332,21742.889,781000
2025-01-22T11:00:00+00:00,21742.509,21757.354,21736.121,21738.331,742800
2025-01-22T12:00:00+00:00,21741.976,21771.889,21732.331,21763.453,1039000
2025-01-22T13:00:00+00:00,21762.531,21786.599,21756.142,21782.109,994600
2025-01-22T14:00:00+00:00,21782.553,21880.853,21751.321,21868.132,1784420
2025-01-22T15:00:00+00:00,21867.342,21891.299,21825.519,21844.197,2131920
2025-01-22T16:00:00+00:00,21843.831,21927.098,21839.086,21923.986,1666440
2025-01-22T17:00:00+00:00,21924.699,21942.389,21896.064,21906.054,1527240
2025-01-22T18:00:00+00:00,21905.932,21910.832,21859.554,21876.864,1570680
2025-01-22T19:00:00+00:00,21876.532,21893.42,21856.154,21889.332,1465560
2025-01-22T20:00:00+00:00,21888.509,21890.419,21831.398,21846.632,1603080
2025-01-22T21:00:00+00:00,21846.543,21854.419,21826.165,21832.389,290400
2025-01-22T23:00:00+00:00,21829.697,21835.054,21809.509,21815.875,430100
2025-01-23T00:00:00+00:00,21815.621,21821.689,21794.543,21801.632,482200
2025-01-23T01:00:00+00:00,21801.476,21816.909,21795.631,21799.097,517500
2025-01-23T02:00:00+00:00,21799.376,21806.697,21777.453,21805.332,420900
2025-01-23T03:00:00+00:00,21805.087,21815.486,21794.497,21802.476,418900
2025-01-23T04:00:00+00:00,21802.597,21817.189,21802.176,21814.687,317000
2025-01-23T05:00:00+00:00,21814.898,21819.789,21801.931,21803.342,374800
2025-01-23T06:00:00+00:00,21803.41,21814.442,21785.676,21793.154,416800
2025-01-23T07:00:00+00:00,21793.364,21798.599,21767.143,21771.332,537600
2025-01-23T08:00:00+00:00,21771.086,21775.943,21714.475,21731.697,858900
2025-01-23T09:00:00+00:00,21730.121,21750.997,21706.432,21744.899,790100
2025-01-23T10:00:00+00:00,21744.51,21757.419,21728.219,21732.053,634900
2025-01-23T11:00:00+00:00,21731.031,21754.199,21724.454,21748.453,646500
2025-01-23T12:00:00+00:00,21748.198,21755.332,21723.321,21750.542,692800
2025-01-23T13:00:00+00:00,21750.475,21768.099,21727.576,21746.81,948200
2025-01-23T14:00:00+00:00,21748.442,21769.431,21718.032,21749.386,1655452
2025-01-23T15:00:00+00:00,21748.487,21796.919,21720.664,21787.076,1974840
2025-01-23T16:00:00+00:00,21788.087,21826.997,21753.075,21803.565,1951680
2025-01-23T17:00:00+00:00,21803.632,21803.632,21755.886,21794.332,1543560
2025-01-23T18:00:00+00:00,21794.075,21839.599,21787.887,21810.332,1421160
2025-01-23T19:00:00+00:00,21809.432,21818.987,21779.532,21809.698,1487640
2025-01-23T20:00:00+00:00,21808.542,21898.719,21799.697,21897.853,1660080
2025-01-23T21:00:00+00:00,21898.343,21904.942,21870.02,21881.52,306720
2025-01-23T23:00:00+00:00,21875.665,21876.91,21858.109,21872.675,388800
2025-01-24T00:00:00+00:00,21872.521,21876.519,21857.442,21870.165,403300
2025-01-24T01:00:00+00:00,21871.987,21895.909,21863.976,21872.386,554200
2025-01-24T02:00:00+00:00,21872.632,21920.689,21869.11,21911.564,667200
2025-01-24T03:00:00+00:00,21911.497,21920.487,21854.487,21865.097,700800
2025-01-24T04:00:00+00:00,21865.175,21870.698,21841.631,21857.697,544500
2025-01-24T05:00:00+00:00,21857.553,21872.653,21855.064,21858.165,428900
2025-01-24T06:00:00+00:00,21858.054,21877.209,21855.942,21865.621,510900
2025-01-24T07:00:00+00:00,21865.464,21866.964,21834.389,21848.108,571700
2025-01-24T08:00:00+00:00,21847.843,21870.187,21838.143,21845.354,800500
2025-01-24T09:00:00+00:00,21843.642,21884.008,21843.642,21867.054,743700
2025-01-24T10:00:00+00:00,21867.189,21871.089,21847.531,21869.975,633700
2025-01-24T11:00:00+00:00,21869.653,21874.299,21852.486,21872.176,563300
2025-01-24T12:00:00+00:00,21871.842,21905.899,21870.697,21893.543,695100
2025-01-24T13:00:00+00:00,21893.497,21893.865,21858.51,21873.165,771900
2025-01-24T14:00:00+00:00,21873.053,21943.564,21863.186,21923.632,1792420
2025-01-24T15:00:00+00:00,21923.109,21935.175,21844.097,21851.087,2119320
2025-01-24T16:00:00+00:00,21851.589,21899.397,21835.121,21846.598,1707720
2025-01-24T17:00:00+00:00,21846.343,21871.709,21794.599,21804.432,1664400
2025-01-24T18:00:00+00:00,21804.031,21814.898,21726.521,21731.343,1750200
2025-01-24T19:00:00+00:00,21730.575,21760.389,21707.897,21733.086,1692720
2025-01-24T20:00:00+00:00,21732.319,21783.287,21722.698,21771.043,1689840
2025-01-24T21:00:00+00:00,21772.189,21781.475,21755.019,21762.297,290640
2025-01-26T23:00:00+00:00,21629.81,21629.81,21497.498,21530.519,1119800
2025-01-27T00:00:00+00:00,21530.331,21537.386,21432.808,21449.089,851300
2025-01-27T01:00:00+00:00,21448.387,21480.01,21353.364,21392.51,1324400
2025-01-27T02:00:00+00:00,21392.898,21405.409,21364.265,21387.619,892100
2025-01-27T03:00:00+00:00,21387.375,21427.275,21378.275,21389.065,772800
2025-01-27T04:00:00+00:00,21388.942,21394.976,21338.021,21362.264,776900
2025-01-27T05:00:00+00:00,21361.919,21371.386,21276.554,21296.876,1018400
2025-01-27T06:00:00+00:00,21298.021,21304.387,21221.597,21252.921,1034900
2025-01-27T07:00:00+00:00,21252.842,21276.308,21147.876,21148.764,1285700
2025-01-27T08:00:00+00:00,21148.464,21176.553,21058.254,21108.276,1660500
2025-01-27T09:00:00+00:00,21105.099,21133.221,21019.587,21028.509,1605400
2025-01-27T10:00:00+00:00,21028.042,21034.497,20628.832,20752.975,1741900
2025-01-27T11:00:00+00:00,20753.064,20896.721,20744.008,20864.921,1482300
2025-01-27T12:00:00+00:00,20863.764,20970.375,20863.764,20947.81,1198300
2025-01-27T13:00:00+00:00,20947.254,21038.531,20898.921,21023.853,1429800
2025-01-27T14:00:00+00:00,21023.31,21213.064,20968.376,21204.909,2496720
2025-01-27T15:00:00+00:00,21202.508,21291.843,21102.964,21186.487,2868960
2025-01-27T16:00:00+00:00,21185.965,21200.521,21058.498,21082.298,2704680
2025-01-27T17:00:00+00:00,21084.075,21138.789,21013.41,21014.975,2499120
2025-01-27T18:00:00+00:00,21013.921,21089.221,21012.32,21023.821,2390280
2025-01-27T19:00:00+00:00,21025.286,21131.065,20966.964,21002.843,2420160
2025-01-27T20:00:00+00:00,21001.721,21135.82,20997.843,21130.275,2490600
2025-01-27T21:00:00+00:00,21131.775,21201.275,21123.298,21175.565,517080
2025-01-27T23:00:00+00:00,21218.087,21229.019,21118.864,21200.519,891200
2025-01-28T00:00:00+00:00,21200.01,21213.789,21143.442,21158.419,741100
2025-01-28T01:00:00+00:00,21158.531,21199.476,21101.564,21110.189,698000
2025-01-28T02:00:00+00:00,21110.319,21181.232,21092.831,21164.831,715300
2025-01-28T03:00:00+00:00,21164.409,21204.509,21156.276,21162.775,603100
2025-01-28T04:00:00+00:00,21162.542,21177.909,21148.797,21175.075,570100
2025-01-28T05:00:00+00:00,21175.699,21187.789,21120.921,21165.886,494200
2025-01-28T06:00:00+00:00,21165.943,21185.599,21138.498,21164.199,545600
2025-01-28T07:00:00+00:00,21164.031,21223.989,21146.887,21212.932,682600
2025-01-28T08:00:00+00:00,21212.221,21271.299,21162.953,21268.386,1066800
2025-01-28T09:00:00+00:00,21268.443,21277.589,21218.332,21268.576,1042900
2025-01-28T10:00:00+00:00,21268.797,21296.053,21262.398,21264.609,866600
2025-01-28T11:00:00+00:00,21264.732,21282.986,21198.565,21214.409,965600
2025-01-28T12:00:00+00:00,21214.754,21220.42,21131.276,21180.753,1340400
2025-01-28T13:00:00+00:00,21177.342,21230.097,21155.342,21174.265,1243900
2025-01-28T14:00:00+00:00,21173.299,21193.008,21035.32,21159.106,2175360
2025-01-28T15:00:00+00:00,21159.02,21357.031,21155.831,21331.253,2512560
2025-01-28T16:00:00+00:00,21331.797,21354.509,21263.809,21348.731,2319120
2025-01-28T17:00:00+00:00,21349.099,21438.954,21346.954,21420.453,1889040
2025-01-28T18:00:00+00:00,21421.51,21459.742,21397.943,21415.753,1742040
2025-01-28T19:00:00+00:00,21416.264,21501.689,21389.742,21491.253,1571280
2025-01-28T20:00:00+00:00,21491.008,21498.432,21434.076,21451.989,1652640
2025-01-28T21:00:00+00:00,21452.597,21452.597,21426.853,21445.987,359760
2025-01-28T23:00:00+00:00,21422.319,21455.987,21408.908,21423.043,377200
2025-01-29T00:00:00+00:00,21423.508,21449.087,21414.189,21442.764,562800
2025-01-29T01:00:00+00:00,21442.789,21454.099,21431.519,21444.364,370600
2025-01-29T02:00:00+00:00,21444.309,21463.199,21437.92,21456.353,300200
2025-01-29T03:00:00+00:00,21456.308,21460.854,21436.487,21460.721,291900
2025-01-29T04:00:00+00:00,21460.32,21485.699,21460.32,21474.065,335500
2025-01-29T05:00:00+00:00,21473.776,21480.253,21454.987,21457.543,278000
2025-01-29T06:00:00+00:00,21469.91,21562.842,21469.91,21539.476,640500
2025-01-29T07:00:00+00:00,21539.553,21548.599,21519.886,21546.82,477400
2025-01-29T08:00:00+00:00,21546.942,21574.065,21540.21,21545.297,822800
2025-01-29T09:00:00+00:00,21544.408,21554.787,21506.289,21545.099,1025100
2025-01-29T10:00:00+00:00,21545.498,21551.564,21518.321,21543.599,697500
2025-01-29T11:00:00+00:00,21542.909,21567.375,21525.908,21558.543,598200
2025-01-29T12:00:00+00:00,21558.875,21558.875,21517.032,21524.409,798200
2025-01-29T13:00:00+00:00,21524.475,21525.076,21438.064,21480.265,1280500
2025-01-29T14:00:00+00:00,21479.886,21503.531,21373.043,21397.519,1993920
2025-01-29T15:00:00+00:00,21398.743,21442.999,21335.354,21384.498,2301240
2025-01-29T16:00:00+00:00,21384.809,21403.298,21345.91,21362.275,2042160
2025-01-29T17:00:00+00:00,21362.808,21423.932,21356.932,21363.265,1793280
2025-01-29T18:00:00+00:00,21364.31,21393.997,21246.865,21344.498,2266200
2025-01-29T19:00:00+00:00,21340.242,21456.075,21265.965,21416.454,2760000
2025-01-29T20:00:00+00:00,21410.898,21479.242,21342.553,21409.665,2635687
2025-01-29T21:00:00+00:00,21409.809,21441.989,21273.397,21379.898,638280
2025-01-29T23:00:00+00:00,21428.432,21463.821,21386.11,21418.153,817700
2025-01-30T00:00:00+00:00,21418.489,21467.489,21406.686,21464.964,611100
2025-01-30T01:00:00+00:00,21465.399,21546.819,21458.22,21530.209,607400
2025-01-30T02:00:00+00:00,21530.231,21556.686,21530.231,21535.632,439900
2025-01-30T03:00:00+00:00,21536.675,21555.121,21534.175,21553.176,339300
2025-01-30T04:00:00+00:00,21552.965,21559.708,21539.275,21540.253,305500
2025-01-30T05:00:00+00:00,21540.476,21542.999,21525.998,21539.164,337300
2025-01-30T06:00:00+00:00,21539.231,21545.376,21511.31,21521.865,353900
2025-01-30T07:00:00+00:00,21521.342,21549.464,21503.631,21542.22,476700
2025-01-30T08:00:00+00:00,21542.187,21589.131,21531.343,21581.964,760400
2025-01-30T09:00:00+00:00,21582.089,21582.089,21511.81,21514.732,855343
2025-01-30T10:00:00+00:00,21514.665,21527.989,21488.987,21500.809,780900
2025-01-30T11:00:00+00:00,21500.743,21550.242,21499.497,21520.964,764100
2025-01-30T12:00:00+00:00,21521.175,21534.809,21454.854,21510.708,1080800
2025-01-30T13:00:00+00:00,21510.999,21548.386,21488.265,21547.797,1135000
2025-01-30T14:00:00+00:00,21548.864,21627.697,21478.431,21552.92,2070560
2025-01-30T15:00:00+00:00,21552.297,21552.865,21341.921,21341.921,2755800
2025-01-30T16:00:00+00:00,21342.932,21506.464,21301.486,21490.221,2406000
2025-01-30T17:00:00+00:00,21489.187,21489.187,21384.131,21432.853,2214000
2025-01-30T18:00:00+00:00,21432.676,21491.475,21407.853,21485.699,1896480
2025-01-30T19:00:00+00:00,21487.653,21540.697,21466.864,21538.897,1740720
2025-01-30T20:00:00+00:00,21539.121,21579.389,21404.389,21500.498,2286480
2025-01-30T21:00:00+00:00,21503.12,21547.975,21477.243,21513.819,543840
2025-01-30T23:00:00+00:00,21579.431,21609.899,21546.154,21583.686,640700
2025-01-31T00:00:00+00:00,21583.498,21605.499,21563.486,21593.298,601100
2025-01-31T01:00:00+00:00,21593.519,21664.997,21566.631,21660.265,700700
2025-01-31T02:00:00+00:00,21660.209,21671.789,21623.431,21625.532,618400
2025-01-31T03:00:00+00:00,21625.708,21639.987,21617.231,21623.719,397000
2025-01-31T04:00:00+00:00,21623.765,21631.389,21607.52,21614.709,359300
2025-01-31T05:00:00+00:00,21615.098,21628.964,21613.119,21622.054,345200
2025-01-31T06:00:00+00:00,21622.142,21658.719,21616.754,21646.221,377700
2025-01-31T07:00:00+00:00,21646.787,21692.142,21642.609,21674.799,564400
2025-01-31T08:00:00+00:00,21674.498,21679.286,21628.631,21638.431,801100
2025-01-31T09:00:00+00:00,21640.954,21685.319,21639.254,21667.131,768800
2025-01-31T10:00:00+00:00,21667.287,21677.954,21657.62,21666.431,601800
2025-01-31T11:00:00+00:00,21666.587,21695.399,21665.542,21689.998,525800
2025-01-31T12:00:00+00:00,21686.92,21698.009,21667.765,21668.621,676900
2025-01-31T13:00:00+00:00,21668.189,21693.653,21642.997,21676.776,990100
2025-01-31T14:00:00+00:00,21676.298,21753.187,21635.953,21750.686,1983640
2025-01-31T15:00:00+00:00,21750.053,21840.242,21749.086,21819.143,2206560
2025-01-31T16:00:00+00:00,21820.72,21847.954,21759.443,21785.432,1932060
2025-01-31T17:00:00+00:00,21785.631,21820.676,21747.653,21797.432,1879080
2025-01-31T18:00:00+00:00,21797.899,21808.719,21603.542,21634.11,2426160
2025-01-31T19:00:00+00:00,21635.432,21663.286,21467.076,21544.199,2659440
2025-01-31T20:00:00+00:00,21541.732,21541.732,21422.189,21464.621,2701800
2025-01-31T21:00:00+00:00,21465.632,21476.643,21419.186,21456.553,547200